id;content;created_at;updated_at
1;payment Hawaii Health;2021-05-23T04:03:23;2021-05-23T20:40:09
2;circuit Lead THX;2021-05-23T18:26:08;2021-05-23T15:41:10
3;1080p programming;2021-05-23T13:14:13;2021-05-23T11:23:29
4;COM;2021-05-23T16:50:11;2021-05-23T13:59:29
5;green Manager indigo;2021-05-23T07:22:17;2021-05-23T08:27:59
6;system Plastic Tanzanian;2021-05-23T08:00:44;2021-05-23T06:11:37
7;morph killer;2021-05-23T08:00:49;2021-05-23T19:04:10
8;e-business Garden;2021-05-23T04:25:38;2021-05-23T01:41:44
9;Data Human synthesize;2021-05-24T00:22:13;2021-05-23T01:24:20
10;Senior Creek;2021-05-23T09:26:14;2021-05-23T15:01:50
