id;title;created_at;updated_at
1;withdrawal;2021-05-20T02:43:45;2021-05-20T12:00:54
2;JSON;2021-05-19T21:48:51;2021-05-19T17:29:41
3;Saudi Account Directives;2021-05-19T14:46:15;2021-05-20T03:54:39
4;withdrawal;2021-05-19T17:19:56;2021-05-20T01:24:40
5;analyzing pixel Awesome;2021-05-20T07:45:10;2021-05-20T08:19:34
6;bluetooth;2021-05-19T21:02:58;2021-05-19T21:17:56
7;Frozen;2021-05-19T17:25:38;2021-05-20T08:52:03
8;Exclusive;2021-05-20T01:51:12;2021-05-19T22:50:58
9;e-markets transmitting;2021-05-19T19:14:04;2021-05-19T22:42:20
10;Fresh Union Consultant;2021-05-19T14:42:35;2021-05-20T04:23:47
